{
  "builders": [
    {
      "iam_instance_profile": "ManagedInstanceProfile",
      "subnet_id": "",
      "type": "amazon-ebs",
      "region": "us-east-1",
      "instance_type": "t2.medium",
      "ssh_username": "centos",
      "security_group_id": "",
      "ami_name": "tower_builder__{{timestamp}}",
      "source_ami_filter": {
          "filters": {
              "virtualization-type": "hvm",
              "name": "CentOS Linux 7 x86_64 HVM *",
              "owners": ["679593333241"],
              "most_recent": true
          }
      }
    }
  ],
  "provisioners": [
    {
      "type": "shell",
      "inline": [
        "sudo yum install -y https://s3.amazonaws.com/ec2-downloads-windows/SSMAgent/latest/linux_amd64/amazon-ssm-agent.rpm",
        "sudo yum install -y http://dl.fedoraproject.org/pub/epel/epel-release-latest-7.noarch.rpm",
        "sudo yum -y upgrade",
        "sudo pip install ansible",
        "sudo wget http://releases.ansible.com/ansible-tower/setup/ansible-tower-setup-latest.tar.gz -O /opt/ansible-tower-setup-latest.tar.gz",
        "tar xzf /opt/ansible-tower-setup-latest.tar.gz -C /opt"
      ]
    } 
  ]
}